Title,Company,Location,Apply
b'Chief Product Officer (Founding Team)',b'CSV Now',"b'San Francisco, CA'",b'https://www.linkedin.com/jobs/view/chief-product-officer-founding-team-at-csv-now-3667181529?refId=%2BbUxnKcsAs4P3G69oX11LQ%3D%3D&trackingId=dCiJCl4ATXpWpNwzJduEAw%3D%3D&position=1&pageNum=0&trk=public_jobs_jserp-result_search-card'
b'Director of Product Management',b'RSA Conference',"b'San Francisco, CA'",b'https://www.linkedin.com/jobs/view/director-of-product-management-at-rsa-conference-3755333694?refId=%2BbUxnKcsAs4P3G69oX11LQ%3D%3D&trackingId=RGL99M5TpmE%2BgBXhfJ%2BuSQ%3D%3D&position=2&pageNum=0&trk=public_jobs_jserp-result_search-card'
b'Director/ VP of Product Management',b'ZOLA Electric',"b'San Francisco, CA'",b'https://www.linkedin.com/jobs/view/director-vp-of-product-management-at-zola-electric-3712727280?refId=%2BbUxnKcsAs4P3G69oX11LQ%3D%3D&trackingId=zKX2l%2Bc%2BoEDRbclysPJcAQ%3D%3D&position=3&pageNum=0&trk=public_jobs_jserp-result_search-card'
b'Product Management Graduate',b'Hewlett Packard Enterprise',"b'San Jose, CA'",b'https://www.linkedin.com/jobs/view/product-management-graduate-at-hewlett-packard-enterprise-3703167096?refId=%2BbUxnKcsAs4P3G69oX11LQ%3D%3D&trackingId=cyBvBCsG7%2F%2BThYZC6fbqGw%3D%3D&position=4&pageNum=0&trk=public_jobs_jserp-result_search-card'
"b'VP, Product Management'",b'Deepcell',"b'Menlo Park, CA'",b'https://www.linkedin.com/jobs/view/vp-product-management-at-deepcell-3741592070?refId=%2BbUxnKcsAs4P3G69oX11LQ%3D%3D&trackingId=2M3s7zvY4%2BrO%2BcvFfWOIMw%3D%3D&position=5&pageNum=0&trk=public_jobs_jserp-result_search-card'
b'Category Manager',b'Hint Inc.',"b'San Francisco, CA'",b'https://www.linkedin.com/jobs/view/category-manager-at-hint-inc-3759814589?refId=%2BbUxnKcsAs4P3G69oX11LQ%3D%3D&trackingId=LmaWRaPiwOVkxYFgde5obQ%3D%3D&position=6&pageNum=0&trk=public_jobs_jserp-result_search-card'
b'Head of Product Development - Remote US',b'GTM Brands',"b'San Francisco, CA'",b'https://www.linkedin.com/jobs/view/head-of-product-development-remote-us-at-gtm-brands-3754855334?refId=%2BbUxnKcsAs4P3G69oX11LQ%3D%3D&trackingId=JqL51uZMl2vttAhRBMdLFw%3D%3D&position=7&pageNum=0&trk=public_jobs_jserp-result_search-card'
"b'Director, Product Management'",b'Walmart',"b'Sunnyvale, CA'",b'https://www.linkedin.com/jobs/view/director-product-management-at-walmart-3741695257?refId=%2BbUxnKcsAs4P3G69oX11LQ%3D%3D&trackingId=8QQhaNtKvG0sP1rkMpD6XA%3D%3D&position=8&pageNum=0&trk=public_jobs_jserp-result_search-card'
b'Product Management Lead',b'Meta',"b'San Francisco, CA'",b'https://www.linkedin.com/jobs/view/product-management-lead-at-meta-3750285181?refId=%2BbUxnKcsAs4P3G69oX11LQ%3D%3D&trackingId=Xw45%2FudYOSmYF4Ay3%2BRKCw%3D%3D&position=9&pageNum=0&trk=public_jobs_jserp-result_search-card'
b'Chief Product Officer',b'Eltropy',"b'Milpitas, CA'",b'https://www.linkedin.com/jobs/view/chief-product-officer-at-eltropy-3734494928?refId=%2BbUxnKcsAs4P3G69oX11LQ%3D%3D&trackingId=uSSgN6u8Ib%2FAUBgejH2mPw%3D%3D&position=10&pageNum=0&trk=public_jobs_jserp-result_search-card'
"b'Director, Product Development Pottery Barn Kids/Teen'",b'Pottery Barn Kids',"b'San Francisco, CA'",b'https://www.linkedin.com/jobs/view/director-product-development-pottery-barn-kids-teen-at-pottery-barn-kids-3751245925?refId=%2BbUxnKcsAs4P3G69oX11LQ%3D%3D&trackingId=dqe2sG6evzB3K16SdgZJww%3D%3D&position=11&pageNum=0&trk=public_jobs_jserp-result_search-card'
b'Head of Product',b'TeachFX',"b'San Francisco, CA'",b'https://www.linkedin.com/jobs/view/head-of-product-at-teachfx-3704657303?refId=%2BbUxnKcsAs4P3G69oX11LQ%3D%3D&trackingId=kR4rkVP1maWn1qtemwWyWg%3D%3D&position=13&pageNum=0&trk=public_jobs_jserp-result_search-card'
b'Head of Product',b'HumanSignal',"b'San Francisco, CA'",b'https://www.linkedin.com/jobs/view/head-of-product-at-humansignal-3673086945?refId=%2BbUxnKcsAs4P3G69oX11LQ%3D%3D&trackingId=7OWmnGUHmRZPEp290%2FtGJA%3D%3D&position=14&pageNum=0&trk=public_jobs_jserp-result_search-card'
"b'Sr. Director of Product Management, Platforms'",b'hims & hers',b'San Francisco Bay Area',b'https://www.linkedin.com/jobs/view/sr-director-of-product-management-platforms-at-hims-hers-3717283102?refId=%2BbUxnKcsAs4P3G69oX11LQ%3D%3D&trackingId=B37NTcfelY7y%2FCseTTJsOg%3D%3D&position=15&pageNum=0&trk=public_jobs_jserp-result_search-card'
b'Senior Director of Product',b'Attain',"b'Redwood City, CA'",b'https://www.linkedin.com/jobs/view/senior-director-of-product-at-attain-3757891534?refId=%2BbUxnKcsAs4P3G69oX11LQ%3D%3D&trackingId=bGvag%2FXOzy%2FHea1bnNOj%2BA%3D%3D&position=16&pageNum=0&trk=public_jobs_jserp-result_search-card'
"b'Director, Product Management, Ads Retail'",b'Google',"b'Mountain View, CA'",b'https://www.linkedin.com/jobs/view/director-product-management-ads-retail-at-google-3747430451?refId=%2BbUxnKcsAs4P3G69oX11LQ%3D%3D&trackingId=EQTEzt7xY6K3N3eccAr9Ew%3D%3D&position=17&pageNum=0&trk=public_jobs_jserp-result_search-card'
"b'Head of Product, Experience Platform'",b'Gusto',b'San Francisco Bay Area',b'https://www.linkedin.com/jobs/view/head-of-product-experience-platform-at-gusto-3737825588?refId=%2BbUxnKcsAs4P3G69oX11LQ%3D%3D&trackingId=S8dx%2BZhMlMOdyUnCQ2HqWQ%3D%3D&position=18&pageNum=0&trk=public_jobs_jserp-result_search-card'
"b'VP of Product, Growth'",b'Life360',"b'San Mateo, CA'",b'https://www.linkedin.com/jobs/view/vp-of-product-growth-at-life360-3755530662?refId=%2BbUxnKcsAs4P3G69oX11LQ%3D%3D&trackingId=FAUjQwzMf8kaPgt%2FI1OLcQ%3D%3D&position=19&pageNum=0&trk=public_jobs_jserp-result_search-card'
"b'Director of Product & Operations, Customer Experience'",b'Grindr',"b'San Francisco, CA'",b'https://www.linkedin.com/jobs/view/director-of-product-operations-customer-experience-at-grindr-3735234644?refId=%2BbUxnKcsAs4P3G69oX11LQ%3D%3D&trackingId=d1hOA9ZrN9prsfaqCluwcg%3D%3D&position=20&pageNum=0&trk=public_jobs_jserp-result_search-card'
"b'Director, Product Management'",b'Hazel Health',"b'San Francisco, CA'",b'https://www.linkedin.com/jobs/view/director-product-management-at-hazel-health-3750646910?refId=%2BbUxnKcsAs4P3G69oX11LQ%3D%3D&trackingId=2GFtVtlKMe25S6GfW82wfw%3D%3D&position=21&pageNum=0&trk=public_jobs_jserp-result_search-card'
b'Head of Product',b'Pryon',"b'San Francisco, CA'",b'https://www.linkedin.com/jobs/view/head-of-product-at-pryon-3720381291?refId=%2BbUxnKcsAs4P3G69oX11LQ%3D%3D&trackingId=%2B6hRCABJBdC2cNJLf8Ktwg%3D%3D&position=22&pageNum=0&trk=public_jobs_jserp-result_search-card'
"b'Group Product Manager, Search'",b'Google',"b'Mountain View, CA'",b'https://www.linkedin.com/jobs/view/group-product-manager-search-at-google-3747432117?refId=%2BbUxnKcsAs4P3G69oX11LQ%3D%3D&trackingId=3R3O7Rym8E6KGJoqnMIuPg%3D%3D&position=23&pageNum=0&trk=public_jobs_jserp-result_search-card'
"b'Vice President, Innovation'",b'Mattson: Innovation for the Food & Beverage Industry',"b'Foster City, CA'",b'https://www.linkedin.com/jobs/view/vice-president-innovation-at-mattson-innovation-for-the-food-beverage-industry-3696275994?refId=%2BbUxnKcsAs4P3G69oX11LQ%3D%3D&trackingId=Pt42nZRX8An7zEupokOadw%3D%3D&position=24&pageNum=0&trk=public_jobs_jserp-result_search-card'
b'Head of Product Management',b'interface.ai',"b'San Francisco, CA'",b'https://www.linkedin.com/jobs/view/head-of-product-management-at-interface-ai-3734540178?refId=%2BbUxnKcsAs4P3G69oX11LQ%3D%3D&trackingId=Llx0cp1m6yPmu%2FTgpcyh2g%3D%3D&position=25&pageNum=0&trk=public_jobs_jserp-result_search-card'
"b'Head of Product, Platforms (Singapore based)'",b'Airwallex',"b'San Francisco, CA'",b'https://www.linkedin.com/jobs/view/head-of-product-platforms-singapore-based-at-airwallex-3612007993?refId=hnFPVnC2CvupKgh7hdAFNg%3D%3D&trackingId=T2mLEHd5QM4wKhGmsMvcaQ%3D%3D&position=1&pageNum=1&trk=public_jobs_jserp-result_search-card'
b'Category Manager',b'Hint Inc.',"b'San Francisco, CA'",b'https://www.linkedin.com/jobs/view/category-manager-at-hint-inc-3759814589?refId=hnFPVnC2CvupKgh7hdAFNg%3D%3D&trackingId=4jNRXUG2dfyEKs5nGAAmZg%3D%3D&position=2&pageNum=1&trk=public_jobs_jserp-result_search-card'
"b'(USA) Senior Management II, Product Management'",b'Walmart',"b'Sunnyvale, CA'",b'https://www.linkedin.com/jobs/view/usa-senior-management-ii-product-management-at-walmart-3739245802?refId=hnFPVnC2CvupKgh7hdAFNg%3D%3D&trackingId=j0sRUpl6dyebrmS2pK8R0w%3D%3D&position=3&pageNum=1&trk=public_jobs_jserp-result_search-card'
"b'TikTok eCommerce Senior Product Manager, Store'",b'TikTok',"b'San Jose, CA'",b'https://www.linkedin.com/jobs/view/tiktok-ecommerce-senior-product-manager-store-at-tiktok-3738365046?refId=hnFPVnC2CvupKgh7hdAFNg%3D%3D&trackingId=%2B%2B7BxiK8z%2FVEBmpjO8VFoQ%3D%3D&position=4&pageNum=1&trk=public_jobs_jserp-result_search-card'
"b'Group Product Manager, Google Cloud'",b'Google',"b'San Francisco, CA'",b'https://www.linkedin.com/jobs/view/group-product-manager-google-cloud-at-google-3759503794?refId=hnFPVnC2CvupKgh7hdAFNg%3D%3D&trackingId=S9eHG1SJ3QGg9qNcwgAWDw%3D%3D&position=5&pageNum=1&trk=public_jobs_jserp-result_search-card'
b'Head of Product Development - Remote US',b'GTM Brands',"b'San Francisco, CA'",b'https://www.linkedin.com/jobs/view/head-of-product-development-remote-us-at-gtm-brands-3754855334?refId=hnFPVnC2CvupKgh7hdAFNg%3D%3D&trackingId=HxF3YzQHqXI6XsWbbuh2Xw%3D%3D&position=6&pageNum=1&trk=public_jobs_jserp-result_search-card'
"b'Senior Director, Product Strategy and Growth'",b'RingCentral',"b'Belmont, CA'",b'https://www.linkedin.com/jobs/view/senior-director-product-strategy-and-growth-at-ringcentral-3714197925?refId=hnFPVnC2CvupKgh7hdAFNg%3D%3D&trackingId=kZ3YDMs4YP5KRPRUb41EPg%3D%3D&position=7&pageNum=1&trk=public_jobs_jserp-result_search-card'
"b'Senior Director, Product Management'",b'RingCentral',"b'Belmont, CA'",b'https://www.linkedin.com/jobs/view/senior-director-product-management-at-ringcentral-3688787960?refId=hnFPVnC2CvupKgh7hdAFNg%3D%3D&trackingId=zsJ0SPfH1hUEeWCEFQbwdA%3D%3D&position=8&pageNum=1&trk=public_jobs_jserp-result_search-card'
b'Chief Product Officer',b'Eltropy',"b'Milpitas, CA'",b'https://www.linkedin.com/jobs/view/chief-product-officer-at-eltropy-3734494928?refId=hnFPVnC2CvupKgh7hdAFNg%3D%3D&trackingId=jr8TSv3wmSsopiNPVxhycg%3D%3D&position=9&pageNum=1&trk=public_jobs_jserp-result_search-card'
"b'Director, Product Development Pottery Barn Kids/Teen'",b'Pottery Barn Kids',"b'San Francisco, CA'",b'https://www.linkedin.com/jobs/view/director-product-development-pottery-barn-kids-teen-at-pottery-barn-kids-3751245925?refId=hnFPVnC2CvupKgh7hdAFNg%3D%3D&trackingId=wgysRwEbyqDjgTE2cOgiZQ%3D%3D&position=10&pageNum=1&trk=public_jobs_jserp-result_search-card'
"b'(USA) Director, Product Management - Marketplace'",b'Walmart',"b'San Bruno, CA'",b'https://www.linkedin.com/jobs/view/usa-director-product-management-marketplace-at-walmart-3761588861?refId=hnFPVnC2CvupKgh7hdAFNg%3D%3D&trackingId=2Pi%2FvBeay6j%2BcSyAjxwweA%3D%3D&position=11&pageNum=1&trk=public_jobs_jserp-result_search-card'
b'Head of Product',b'TeachFX',"b'San Francisco, CA'",b'https://www.linkedin.com/jobs/view/head-of-product-at-teachfx-3704657303?refId=hnFPVnC2CvupKgh7hdAFNg%3D%3D&trackingId=hmYZCWNT5KQikCT31%2Fl4Hw%3D%3D&position=13&pageNum=1&trk=public_jobs_jserp-result_search-card'
"b'Product Manager, Subscription Management Systems'",b'IXL Learning',"b'San Mateo, CA'",b'https://www.linkedin.com/jobs/view/product-manager-subscription-management-systems-at-ixl-learning-2904656066?refId=hnFPVnC2CvupKgh7hdAFNg%3D%3D&trackingId=0%2BCMFg%2FUGevsWIKC96V3NA%3D%3D&position=14&pageNum=1&trk=public_jobs_jserp-result_search-card'
b'Head of Product',b'HumanSignal',"b'San Francisco, CA'",b'https://www.linkedin.com/jobs/view/head-of-product-at-humansignal-3673086945?refId=hnFPVnC2CvupKgh7hdAFNg%3D%3D&trackingId=hspUh2dmwcjHyHQMbDHwsQ%3D%3D&position=15&pageNum=1&trk=public_jobs_jserp-result_search-card'
"b'Sr. Director of Product Management, Platforms'",b'hims & hers',b'San Francisco Bay Area',b'https://www.linkedin.com/jobs/view/sr-director-of-product-management-platforms-at-hims-hers-3717283102?refId=hnFPVnC2CvupKgh7hdAFNg%3D%3D&trackingId=BjGeCUVp0nvdWyNPNYQyow%3D%3D&position=16&pageNum=1&trk=public_jobs_jserp-result_search-card'
b'Senior Director of Product',b'Attain',"b'Redwood City, CA'",b'https://www.linkedin.com/jobs/view/senior-director-of-product-at-attain-3757891534?refId=hnFPVnC2CvupKgh7hdAFNg%3D%3D&trackingId=cL7ITpLW%2B7f37WM6XDsCYw%3D%3D&position=17&pageNum=1&trk=public_jobs_jserp-result_search-card'
"b'VP of Product, Growth'",b'Life360',"b'San Mateo, CA'",b'https://www.linkedin.com/jobs/view/vp-of-product-growth-at-life360-3755530662?refId=hnFPVnC2CvupKgh7hdAFNg%3D%3D&trackingId=vMFQcNUBqGujtJdyLjbDgA%3D%3D&position=18&pageNum=1&trk=public_jobs_jserp-result_search-card'
"b'Lead Group Product Manager, Google Cloud'",b'Google',"b'Sunnyvale, CA'",b'https://www.linkedin.com/jobs/view/lead-group-product-manager-google-cloud-at-google-3747430123?refId=hnFPVnC2CvupKgh7hdAFNg%3D%3D&trackingId=DI6KN2%2FpuKqyLMKbIeNHRA%3D%3D&position=19&pageNum=1&trk=public_jobs_jserp-result_search-card'
"b'Senior Director, Product Management - Discovery'",b'Exelixis',"b'Alameda, CA'",b'https://www.linkedin.com/jobs/view/senior-director-product-management-discovery-at-exelixis-3730125987?refId=hnFPVnC2CvupKgh7hdAFNg%3D%3D&trackingId=Cy7yCoQ2RlvK1Tiouyvuww%3D%3D&position=20&pageNum=1&trk=public_jobs_jserp-result_search-card'
"b'Group Outbound Product Manager, Google Cloud'",b'Google',"b'Sunnyvale, CA'",b'https://www.linkedin.com/jobs/view/group-outbound-product-manager-google-cloud-at-google-3747110545?refId=hnFPVnC2CvupKgh7hdAFNg%3D%3D&trackingId=YSprcTwGZ97iIa8U2G9MKA%3D%3D&position=21&pageNum=1&trk=public_jobs_jserp-result_search-card'
"b'Director, Product Management'",b'Hazel Health',"b'San Francisco, CA'",b'https://www.linkedin.com/jobs/view/director-product-management-at-hazel-health-3750646910?refId=hnFPVnC2CvupKgh7hdAFNg%3D%3D&trackingId=Fibq%2Fc4%2FOmLRh1%2Fx0qqyrg%3D%3D&position=22&pageNum=1&trk=public_jobs_jserp-result_search-card'
"b'VP, New Product Development'","b'CareDx, Inc.'","b'Brisbane, CA'",b'https://www.linkedin.com/jobs/view/vp-new-product-development-at-caredx-inc-3648255339?refId=hnFPVnC2CvupKgh7hdAFNg%3D%3D&trackingId=dzjNl2ZJwWk0l18vQgjPRg%3D%3D&position=23&pageNum=1&trk=public_jobs_jserp-result_search-card'
b'Head of Product',b'Pryon',"b'San Francisco, CA'",b'https://www.linkedin.com/jobs/view/head-of-product-at-pryon-3720381291?refId=hnFPVnC2CvupKgh7hdAFNg%3D%3D&trackingId=v3w2wDVzOBwYbctr5BlSKg%3D%3D&position=24&pageNum=1&trk=public_jobs_jserp-result_search-card'
"b'Product Manager, Communications & Special Projects'",b'IXL Learning',"b'San Mateo, CA'",b'https://www.linkedin.com/jobs/view/product-manager-communications-special-projects-at-ixl-learning-3388903672?refId=hnFPVnC2CvupKgh7hdAFNg%3D%3D&trackingId=AkE4OJvlldd9Ftzw%2FekyrQ%3D%3D&position=25&pageNum=1&trk=public_jobs_jserp-result_search-card'
Title,Company,Location,Apply
b'Product Management Lead',b'Meta',"b'San Francisco, CA'",b'https://www.linkedin.com/jobs/view/product-management-lead-at-meta-3750285181?refId=9vSorqb5Flgng9E%2Fs4yW0Q%3D%3D&trackingId=6VglyTcrnXIDp4pZ3EuUcA%3D%3D&position=1&pageNum=0&trk=public_jobs_jserp-result_search-card'
"b'Director, Product Management'",b'Walmart',"b'Sunnyvale, CA'",b'https://www.linkedin.com/jobs/view/director-product-management-at-walmart-3741695257?refId=9vSorqb5Flgng9E%2Fs4yW0Q%3D%3D&trackingId=VdNmchz6QtKqJ1ChiQND4w%3D%3D&position=2&pageNum=0&trk=public_jobs_jserp-result_search-card'
b'Chief Product Officer (Founding Team)',b'CSV Now',"b'San Francisco, CA'",b'https://www.linkedin.com/jobs/view/chief-product-officer-founding-team-at-csv-now-3667181529?refId=9vSorqb5Flgng9E%2Fs4yW0Q%3D%3D&trackingId=J6lPYWrp7gleULcVam5oTw%3D%3D&position=3&pageNum=0&trk=public_jobs_jserp-result_search-card'
"b'Director, Product Management'",b'Walmart',"b'San Bruno, CA'",b'https://www.linkedin.com/jobs/view/director-product-management-at-walmart-3674728789?refId=9vSorqb5Flgng9E%2Fs4yW0Q%3D%3D&trackingId=nNDkZfHEb4rgTVrVsR8AZQ%3D%3D&position=4&pageNum=0&trk=public_jobs_jserp-result_search-card'
b'Director of Product Management',b'RSA Conference',"b'San Francisco, CA'",b'https://www.linkedin.com/jobs/view/director-of-product-management-at-rsa-conference-3755333694?refId=9vSorqb5Flgng9E%2Fs4yW0Q%3D%3D&trackingId=MTNgLaMRDd29mARSagtgUg%3D%3D&position=5&pageNum=0&trk=public_jobs_jserp-result_search-card'
"b'Group Product Manager, Search'",b'Google',"b'Mountain View, CA'",b'https://www.linkedin.com/jobs/view/group-product-manager-search-at-google-3747432117?refId=9vSorqb5Flgng9E%2Fs4yW0Q%3D%3D&trackingId=dBUBZcDfzkR4vy7ic6kxgQ%3D%3D&position=6&pageNum=0&trk=public_jobs_jserp-result_search-card'
"b'Director, Product Management'",b'Walmart',"b'Sunnyvale, CA'",b'https://www.linkedin.com/jobs/view/director-product-management-at-walmart-3714024174?refId=9vSorqb5Flgng9E%2Fs4yW0Q%3D%3D&trackingId=NO2iz%2FPretoT%2FxlXSBSFjQ%3D%3D&position=7&pageNum=0&trk=public_jobs_jserp-result_search-card'
b'Director/ VP of Product Management',b'ZOLA Electric',"b'San Francisco, CA'",b'https://www.linkedin.com/jobs/view/director-vp-of-product-management-at-zola-electric-3712727280?refId=9vSorqb5Flgng9E%2Fs4yW0Q%3D%3D&trackingId=n068VHG8C9FC68KumK5qhA%3D%3D&position=8&pageNum=0&trk=public_jobs_jserp-result_search-card'
"b'(USA) Director, Product Management - Marketplace'",b'Walmart',"b'San Bruno, CA'",b'https://www.linkedin.com/jobs/view/usa-director-product-management-marketplace-at-walmart-3761588861?refId=9vSorqb5Flgng9E%2Fs4yW0Q%3D%3D&trackingId=affcPf0M40Da1%2FOs9jdfDA%3D%3D&position=9&pageNum=0&trk=public_jobs_jserp-result_search-card'
"b'Director of Product & Operations, Customer Experience'",b'Grindr',"b'San Francisco, CA'",b'https://www.linkedin.com/jobs/view/director-of-product-operations-customer-experience-at-grindr-3735234644?refId=9vSorqb5Flgng9E%2Fs4yW0Q%3D%3D&trackingId=5x9JMg6eW3sbGpLuov63pg%3D%3D&position=10&pageNum=0&trk=public_jobs_jserp-result_search-card'
b'Integrity Product Operations Manager',b'TikTok',"b'San Jose, CA'",b'https://www.linkedin.com/jobs/view/integrity-product-operations-manager-at-tiktok-3569488018?refId=9vSorqb5Flgng9E%2Fs4yW0Q%3D%3D&trackingId=zGXBXVfC5t99eoGminj9KA%3D%3D&position=11&pageNum=0&trk=public_jobs_jserp-result_search-card'
"b'Director, Product Management, Ads Retail'",b'Google',"b'Mountain View, CA'",b'https://www.linkedin.com/jobs/view/director-product-management-ads-retail-at-google-3747430451?refId=9vSorqb5Flgng9E%2Fs4yW0Q%3D%3D&trackingId=oywSYnpVucxL9uzji0EUuw%3D%3D&position=12&pageNum=0&trk=public_jobs_jserp-result_search-card'
"b'Head of Product, Experience Platform'",b'Gusto',b'San Francisco Bay Area',b'https://www.linkedin.com/jobs/view/head-of-product-experience-platform-at-gusto-3737825588?refId=9vSorqb5Flgng9E%2Fs4yW0Q%3D%3D&trackingId=zGQ1uGOk45cl2Z3lUDJvSg%3D%3D&position=13&pageNum=0&trk=public_jobs_jserp-result_search-card'
"b'SVP, Product Management Servicing Leader, Corporate Segment'",b'U.S. Bank',"b'San Francisco, CA'",b'https://www.linkedin.com/jobs/view/svp-product-management-servicing-leader-corporate-segment-at-u-s-bank-3730717500?refId=9vSorqb5Flgng9E%2Fs4yW0Q%3D%3D&trackingId=Wt6fiO4CuWux7CkKHdJ82Q%3D%3D&position=14&pageNum=0&trk=public_jobs_jserp-result_search-card'
"b'(USA) Director, Product Management'",b'Walmart',"b'San Bruno, CA'",b'https://www.linkedin.com/jobs/view/usa-director-product-management-at-walmart-3760970289?refId=9vSorqb5Flgng9E%2Fs4yW0Q%3D%3D&trackingId=su5bH1yUTF4WrsfRzoqmig%3D%3D&position=15&pageNum=0&trk=public_jobs_jserp-result_search-card'
b'Product Management Graduate',b'Hewlett Packard Enterprise',"b'San Jose, CA'",b'https://www.linkedin.com/jobs/view/product-management-graduate-at-hewlett-packard-enterprise-3703167096?refId=9vSorqb5Flgng9E%2Fs4yW0Q%3D%3D&trackingId=Dh%2BtVz0t6peTMPvOSu1ahQ%3D%3D&position=16&pageNum=0&trk=public_jobs_jserp-result_search-card'
"b'Product Operation Manager, TikTok Commerce Governance and Experience'",b'TikTok',"b'San Jose, CA'",b'https://www.linkedin.com/jobs/view/product-operation-manager-tiktok-commerce-governance-and-experience-at-tiktok-3663537712?refId=9vSorqb5Flgng9E%2Fs4yW0Q%3D%3D&trackingId=dNJFsPnBqol%2Bw7XZfxMM0w%3D%3D&position=17&pageNum=0&trk=public_jobs_jserp-result_search-card'
"b'Director, Product Management'",b'AMETEK',"b'Richmond, CA'",b'https://www.linkedin.com/jobs/view/director-product-management-at-ametek-3755165314?refId=9vSorqb5Flgng9E%2Fs4yW0Q%3D%3D&trackingId=Nq17J9%2BsSFGvsolPvCZDRw%3D%3D&position=18&pageNum=0&trk=public_jobs_jserp-result_search-card'
"b'Product Management, Director'",b'Visa',"b'Foster City, CA'",b'https://www.linkedin.com/jobs/view/product-management-director-at-visa-3754975627?refId=9vSorqb5Flgng9E%2Fs4yW0Q%3D%3D&trackingId=tOTm%2FsTVuYUqCtmzlQv7pw%3D%3D&position=19&pageNum=0&trk=public_jobs_jserp-result_search-card'
"b'Director Product Management, Ads'",b'eBay',"b'San Jose, CA'",b'https://www.linkedin.com/jobs/view/director-product-management-ads-at-ebay-3688212744?refId=9vSorqb5Flgng9E%2Fs4yW0Q%3D%3D&trackingId=nNBn932j4W0U3tVWR0b34w%3D%3D&position=20&pageNum=0&trk=public_jobs_jserp-result_search-card'
"b'Director, Product Management'",b'Salesforce',"b'Palo Alto, CA'",b'https://www.linkedin.com/jobs/view/director-product-management-at-salesforce-3737058504?refId=9vSorqb5Flgng9E%2Fs4yW0Q%3D%3D&trackingId=CAiIezpXueI%2FGtf96pYE1A%3D%3D&position=21&pageNum=0&trk=public_jobs_jserp-result_search-card'
"b'Director, Product Management'",b'Salesforce',"b'San Francisco, CA'",b'https://www.linkedin.com/jobs/view/director-product-management-at-salesforce-3737055805?refId=9vSorqb5Flgng9E%2Fs4yW0Q%3D%3D&trackingId=rV8LkcwTnWrFCLYTGOVFzA%3D%3D&position=22&pageNum=0&trk=public_jobs_jserp-result_search-card'
b'Head of Product Management',b'SymphonyAI Summit',"b'Palo Alto, CA'",b'https://www.linkedin.com/jobs/view/head-of-product-management-at-symphonyai-summit-3652824948?refId=9vSorqb5Flgng9E%2Fs4yW0Q%3D%3D&trackingId=p%2BCka7gsKMGyPn98FF8glA%3D%3D&position=23&pageNum=0&trk=public_jobs_jserp-result_search-card'
b'Vice President of Product',b'Moxion Power',b'San Francisco Bay Area',b'https://www.linkedin.com/jobs/view/vice-president-of-product-at-moxion-power-3713615828?refId=9vSorqb5Flgng9E%2Fs4yW0Q%3D%3D&trackingId=dNPHdqybDMLdcxj1y59nRg%3D%3D&position=24&pageNum=0&trk=public_jobs_jserp-result_search-card'
"b'Director, Product Management'",b'Salesforce',"b'Palo Alto, CA'",b'https://www.linkedin.com/jobs/view/director-product-management-at-salesforce-3737061387?refId=9vSorqb5Flgng9E%2Fs4yW0Q%3D%3D&trackingId=V8FnMlFduwnByupFeJ%2F7HQ%3D%3D&position=25&pageNum=0&trk=public_jobs_jserp-result_search-card'
"b'Head of Product, Platforms (Singapore based)'",b'Airwallex',"b'San Francisco, CA'",b'https://www.linkedin.com/jobs/view/head-of-product-platforms-singapore-based-at-airwallex-3612007993?refId=VgBiKF1XYa16WuHEeSrczg%3D%3D&trackingId=I9R5r6WqmzSecC1nInjPuA%3D%3D&position=1&pageNum=1&trk=public_jobs_jserp-result_search-card'
b'Category Manager',b'Hint Inc.',"b'San Francisco, CA'",b'https://www.linkedin.com/jobs/view/category-manager-at-hint-inc-3759814589?refId=VgBiKF1XYa16WuHEeSrczg%3D%3D&trackingId=mhv1tOTcG%2BmWFi%2FRj1lk%2Fg%3D%3D&position=2&pageNum=1&trk=public_jobs_jserp-result_search-card'
"b'Senior Product Manager, Expense Management'",b'Intuit',"b'Mountain View, CA'",b'https://www.linkedin.com/jobs/view/senior-product-manager-expense-management-at-intuit-3745873805?refId=VgBiKF1XYa16WuHEeSrczg%3D%3D&trackingId=KoTznglj95Wt84aEblULcg%3D%3D&position=3&pageNum=1&trk=public_jobs_jserp-result_search-card'
"b'(USA) Senior Management II, Product Management'",b'Walmart',"b'Sunnyvale, CA'",b'https://www.linkedin.com/jobs/view/usa-senior-management-ii-product-management-at-walmart-3739245802?refId=VgBiKF1XYa16WuHEeSrczg%3D%3D&trackingId=7Gf75O00Pm3mrG3GWsabhA%3D%3D&position=4&pageNum=1&trk=public_jobs_jserp-result_search-card'
"b'TikTok eCommerce Senior Product Manager, Store'",b'TikTok',"b'San Jose, CA'",b'https://www.linkedin.com/jobs/view/tiktok-ecommerce-senior-product-manager-store-at-tiktok-3738365046?refId=VgBiKF1XYa16WuHEeSrczg%3D%3D&trackingId=pMdAZZmIrfGa%2Bil48E6B0Q%3D%3D&position=5&pageNum=1&trk=public_jobs_jserp-result_search-card'
b'Head of Product Development - Remote US',b'GTM Brands',"b'San Francisco, CA'",b'https://www.linkedin.com/jobs/view/head-of-product-development-remote-us-at-gtm-brands-3754855334?refId=VgBiKF1XYa16WuHEeSrczg%3D%3D&trackingId=3H2H7KEQJpXaWhM%2BB81AIQ%3D%3D&position=6&pageNum=1&trk=public_jobs_jserp-result_search-card'
"b'Group Product Manager, Google Cloud'",b'Google',"b'San Francisco, CA'",b'https://www.linkedin.com/jobs/view/group-product-manager-google-cloud-at-google-3759503794?refId=VgBiKF1XYa16WuHEeSrczg%3D%3D&trackingId=My0NJmuIp8mdZkWH1YHphQ%3D%3D&position=7&pageNum=1&trk=public_jobs_jserp-result_search-card'
"b'Senior Director, Product Strategy and Growth'",b'RingCentral',"b'Belmont, CA'",b'https://www.linkedin.com/jobs/view/senior-director-product-strategy-and-growth-at-ringcentral-3714197925?refId=VgBiKF1XYa16WuHEeSrczg%3D%3D&trackingId=JsviapNzV6ZhDv%2BHTG2J2g%3D%3D&position=8&pageNum=1&trk=public_jobs_jserp-result_search-card'
"b'Senior Director, Product Management'",b'RingCentral',"b'Belmont, CA'",b'https://www.linkedin.com/jobs/view/senior-director-product-management-at-ringcentral-3688787960?refId=VgBiKF1XYa16WuHEeSrczg%3D%3D&trackingId=vBtJKUv%2B%2BeuMjGpX63ekfw%3D%3D&position=9&pageNum=1&trk=public_jobs_jserp-result_search-card'
"b'Senior Manager, Product Management - Marketplace'",b'Walmart',"b'San Bruno, CA'",b'https://www.linkedin.com/jobs/view/senior-manager-product-management-marketplace-at-walmart-3761574856?refId=VgBiKF1XYa16WuHEeSrczg%3D%3D&trackingId=dsbkWOzxqAszYSR0lOOhmg%3D%3D&position=10&pageNum=1&trk=public_jobs_jserp-result_search-card'
b'Chief Product Officer',b'Eltropy',"b'Milpitas, CA'",b'https://www.linkedin.com/jobs/view/chief-product-officer-at-eltropy-3734494928?refId=VgBiKF1XYa16WuHEeSrczg%3D%3D&trackingId=LBI9MUcPkN%2F4w364gs9lYg%3D%3D&position=11&pageNum=1&trk=public_jobs_jserp-result_search-card'
"b'Director, Product Development Pottery Barn Kids/Teen'",b'Pottery Barn Kids',"b'San Francisco, CA'",b'https://www.linkedin.com/jobs/view/director-product-development-pottery-barn-kids-teen-at-pottery-barn-kids-3751245925?refId=VgBiKF1XYa16WuHEeSrczg%3D%3D&trackingId=K%2BLql3BLzVeEq5RHukKxig%3D%3D&position=12&pageNum=1&trk=public_jobs_jserp-result_search-card'
b'Head of Product',b'TeachFX',"b'San Francisco, CA'",b'https://www.linkedin.com/jobs/view/head-of-product-at-teachfx-3704657303?refId=VgBiKF1XYa16WuHEeSrczg%3D%3D&trackingId=R1Pe9Ksw8ru%2Bl3ftOKFVMg%3D%3D&position=14&pageNum=1&trk=public_jobs_jserp-result_search-card'
b'Head of Product',b'HumanSignal',"b'San Francisco, CA'",b'https://www.linkedin.com/jobs/view/head-of-product-at-humansignal-3673086945?refId=VgBiKF1XYa16WuHEeSrczg%3D%3D&trackingId=FxlX6P4kW2G4Euiq7Qq28w%3D%3D&position=15&pageNum=1&trk=public_jobs_jserp-result_search-card'
b'Senior Director of Product',b'Attain',"b'Redwood City, CA'",b'https://www.linkedin.com/jobs/view/senior-director-of-product-at-attain-3757891534?refId=VgBiKF1XYa16WuHEeSrczg%3D%3D&trackingId=kFatOtXEO%2BcPU3eFx9dJDg%3D%3D&position=16&pageNum=1&trk=public_jobs_jserp-result_search-card'
"b'(USA) Director, Product Management - Marketplace'",b'Walmart',"b'San Bruno, CA'",b'https://www.linkedin.com/jobs/view/usa-director-product-management-marketplace-at-walmart-3761588861?refId=VgBiKF1XYa16WuHEeSrczg%3D%3D&trackingId=UODTpZQTLwMNqkRlBvUoKw%3D%3D&position=17&pageNum=1&trk=public_jobs_jserp-result_search-card'
"b'VP of Product, Growth'",b'Life360',"b'San Mateo, CA'",b'https://www.linkedin.com/jobs/view/vp-of-product-growth-at-life360-3755530662?refId=VgBiKF1XYa16WuHEeSrczg%3D%3D&trackingId=W1JMuwG3OVG3a01FFNEP6w%3D%3D&position=18&pageNum=1&trk=public_jobs_jserp-result_search-card'
"b'Lead Group Product Manager, Google Cloud'",b'Google',"b'Sunnyvale, CA'",b'https://www.linkedin.com/jobs/view/lead-group-product-manager-google-cloud-at-google-3747430123?refId=VgBiKF1XYa16WuHEeSrczg%3D%3D&trackingId=ghmwUuX1D9R9FFLSlaxQvA%3D%3D&position=19&pageNum=1&trk=public_jobs_jserp-result_search-card'
"b'Senior Director, Product Management - Discovery'",b'Exelixis',"b'Alameda, CA'",b'https://www.linkedin.com/jobs/view/senior-director-product-management-discovery-at-exelixis-3730125987?refId=VgBiKF1XYa16WuHEeSrczg%3D%3D&trackingId=oQn4iZ9yXDzHMQaz9QAQDQ%3D%3D&position=20&pageNum=1&trk=public_jobs_jserp-result_search-card'
"b'Group Outbound Product Manager, Google Cloud'",b'Google',"b'Sunnyvale, CA'",b'https://www.linkedin.com/jobs/view/group-outbound-product-manager-google-cloud-at-google-3747110545?refId=VgBiKF1XYa16WuHEeSrczg%3D%3D&trackingId=afboA5qlnn018ki5kQiTTg%3D%3D&position=21&pageNum=1&trk=public_jobs_jserp-result_search-card'
"b'Director, Product Management'",b'Hazel Health',"b'San Francisco, CA'",b'https://www.linkedin.com/jobs/view/director-product-management-at-hazel-health-3750646910?refId=VgBiKF1XYa16WuHEeSrczg%3D%3D&trackingId=%2BFTQS6h6F03%2BOORNn%2BWwSQ%3D%3D&position=22&pageNum=1&trk=public_jobs_jserp-result_search-card'
"b'VP, New Product Development'","b'CareDx, Inc.'","b'Brisbane, CA'",b'https://www.linkedin.com/jobs/view/vp-new-product-development-at-caredx-inc-3648255339?refId=VgBiKF1XYa16WuHEeSrczg%3D%3D&trackingId=2gSrZysaX%2FKi7fIJexjM1A%3D%3D&position=23&pageNum=1&trk=public_jobs_jserp-result_search-card'
b'Head of Product',b'Pryon',"b'San Francisco, CA'",b'https://www.linkedin.com/jobs/view/head-of-product-at-pryon-3720381291?refId=VgBiKF1XYa16WuHEeSrczg%3D%3D&trackingId=TfUhH0P0nCwa4EhE4MEaxg%3D%3D&position=24&pageNum=1&trk=public_jobs_jserp-result_search-card'
"b'Product Manager, Communications & Special Projects'",b'IXL Learning',"b'San Mateo, CA'",b'https://www.linkedin.com/jobs/view/product-manager-communications-special-projects-at-ixl-learning-3388903672?refId=VgBiKF1XYa16WuHEeSrczg%3D%3D&trackingId=8OcY%2FglsY8zezF3jyeN2Yg%3D%3D&position=25&pageNum=1&trk=public_jobs_jserp-result_search-card'
